<?xml version="1.0" encoding="UTF-8"?>
<project-private xmlns="http://www.netbeans.org/ns/project-private/1">
    <editor-bookmarks xmlns="http://www.netbeans.org/ns/editor-bookmarks/2" lastBookmarkId="0"/>
    <open-files xmlns="http://www.netbeans.org/ns/projectui-open-files/1">
        <file>file:/Users/daniellucredio/NetBeansProjects/T1/src/t1/Lua.g4</file>
        <file>file:/Users/daniellucredio/NetBeansProjects/T1/src/t1/Tipo.java</file>
        <file>file:/Users/daniellucredio/NetBeansProjects/T1/src/t1/TestaAnalisadorSintatico.java</file>
        <file>file:/Users/daniellucredio/NetBeansProjects/T1/src/t1/exemplos/lua6.txt</file>
        <file>file:/Users/daniellucredio/NetBeansProjects/T1/src/t1/Corrigir.java</file>
        <file>file:/Users/daniellucredio/NetBeansProjects/T1/src/t1/TabelaDeSimbolos.java</file>
        <file>file:/Users/daniellucredio/NetBeansProjects/T1/src/t1/SaidaParser.java</file>
        <file>file:/Users/daniellucredio/NetBeansProjects/T1/src/t1/EntradaTabelaDeSimbolos.java</file>
        <file>file:/Users/daniellucredio/NetBeansProjects/T1/src/t1/T1ErrorListener.java</file>
    </open-files>
</project-private>
